{"cameraMode":{"drawMode":0,"name":"Shaded","section":"Shading Mode"},"sceneLighting":false,"audioPlay":false,"sceneViewState":{"showFog":true,"showMaterialUpdate":false,"showSkybox":true,"showFlares":true,"showImageEffects":true,"showParticleSystems":true},"in2DMode":false,"pivot":{"x":-2.299424409866333,"y":-1.6173046827316285,"z":2.4868268966674806},"rotation":{"x":0.23252104222774507,"y":0.09464666247367859,"z":-0.022743869572877885,"w":0.9677079916000366},"size":22.0,"orthographic":false}