{"cameraMode":{"drawMode":0,"name":"Shaded","section":"Shading Mode"},"sceneLighting":false,"audioPlay":false,"sceneViewState":{"showFog":true,"showMaterialUpdate":false,"showSkybox":true,"showFlares":true,"showImageEffects":true,"showParticleSystems":true},"in2DMode":false,"pivot":{"x":0.31437498331069949,"y":-0.05412597581744194,"z":0.0},"rotation":{"x":0.23252104222774507,"y":0.09464666247367859,"z":-0.022743869572877885,"w":0.9677079916000366},"size":1.0527013540267945,"orthographic":false}