{"cameraMode":{"drawMode":0,"name":"Shaded","section":"Shading Mode"},"sceneLighting":false,"audioPlay":false,"sceneViewState":{"showFog":true,"showMaterialUpdate":false,"showSkybox":true,"showFlares":true,"showImageEffects":true,"showParticleSystems":true},"in2DMode":false,"pivot":{"x":0.5425000190734863,"y":-0.16481579840183259,"z":0.0},"rotation":{"x":0.23252104222774507,"y":0.09464666247367859,"z":-0.022743869572877885,"w":0.9677079916000366},"size":2.0719971656799318,"orthographic":false}